code,batch,status,plan,billing
NRI1M8898BFEB,May-2026,active,professional,monthly
NRI1MB3488E81,May-2026,active,professional,monthly
NRI1MFFD31D47,May-2026,active,professional,monthly
NRI1M6D75B929,May-2026,active,professional,monthly
NRI1M4029FAC4,May-2026,active,professional,monthly
NRI1M3FB8F532,May-2026,active,professional,monthly
NRI1MC2343F7C,May-2026,active,professional,monthly
NRI1M62F23467,May-2026,active,professional,monthly
NRI1M91C84CF9,May-2026,active,professional,monthly
NRI1M54D3C9FF,May-2026,active,professional,monthly
NRI1MAA6DB37B,May-2026,active,professional,monthly
NRI1ME7F7C2D1,May-2026,active,professional,monthly
NRI1M1174AE9A,May-2026,active,professional,monthly
NRI1M7F2892C1,May-2026,active,professional,monthly
NRI1M5F7C76C3,May-2026,active,professional,monthly
NRI1M8AA31841,May-2026,active,professional,monthly
NRI1M4882D189,May-2026,active,professional,monthly
NRI1M4C65DBEC,May-2026,active,professional,monthly
NRI1MBEB6FF66,May-2026,active,professional,monthly
NRI1M2CED3E23,May-2026,active,professional,monthly
NRI1M172727C6,May-2026,active,professional,monthly
NRI1M04B410FD,May-2026,active,professional,monthly
NRI1M50B6CCB4,May-2026,active,professional,monthly
NRI1M3E5F2AC3,May-2026,active,professional,monthly
NRI1M5D2E21FD,May-2026,active,professional,monthly
NRI1MDDB8E4F0,May-2026,active,professional,monthly
NRI1M69B27698,May-2026,active,professional,monthly
NRI1M56BD9BE2,May-2026,active,professional,monthly
NRI1M79BC03A9,May-2026,active,professional,monthly
NRI1M1E0E6D4C,May-2026,active,professional,monthly
NRI1M3715F502,May-2026,active,professional,monthly
NRI1MA542C29B,May-2026,active,professional,monthly
NRI1MD1180813,May-2026,active,professional,monthly
NRI1MD20F57E2,May-2026,active,professional,monthly
NRI1M5A224A35,May-2026,active,professional,monthly
NRI1M739E6BFC,May-2026,active,professional,monthly
NRI1M739DAC36,May-2026,active,professional,monthly
NRI1M406258DF,May-2026,active,professional,monthly
NRI1M2E7A6B62,May-2026,active,professional,monthly
NRI1MB9BC737E,May-2026,active,professional,monthly
NRI1M30F39FE1,May-2026,active,professional,monthly
NRI1M05A2CB6D,May-2026,active,professional,monthly
NRI1MA95D848F,May-2026,active,professional,monthly
NRI1M9B2DD0E7,May-2026,active,professional,monthly
NRI1M74F04718,May-2026,active,professional,monthly
NRI1MED475BD6,May-2026,active,professional,monthly
NRI1M5963CEA6,May-2026,active,professional,monthly
NRI1M7086A1BE,May-2026,active,professional,monthly
NRI1M3D94C148,May-2026,active,professional,monthly
NRI1M33499B2E,May-2026,active,professional,monthly
NRI1MFEFD542D,May-2026,active,professional,monthly
NRI1MCA252DCE,May-2026,active,professional,monthly
NRI1ME9AD3D84,May-2026,active,professional,monthly
NRI1ME317EE28,May-2026,active,professional,monthly
NRI1M1F926E62,May-2026,active,professional,monthly
NRI1MF2156DAF,May-2026,active,professional,monthly
NRI1MD5B7B36C,May-2026,active,professional,monthly
NRI1M27374215,May-2026,active,professional,monthly
NRI1M3625E807,May-2026,active,professional,monthly
NRI1M1D1AD5F1,May-2026,active,professional,monthly
NRI1M6182FA96,May-2026,active,professional,monthly
NRI1MBF1F7D4B,May-2026,active,professional,monthly
NRI1M1B485694,May-2026,active,professional,monthly
NRI1MA15F8A81,May-2026,active,professional,monthly
NRI1M05ADB788,May-2026,active,professional,monthly
NRI1M0C6E8425,May-2026,active,professional,monthly
NRI1MF480DCD8,May-2026,active,professional,monthly
NRI1MBB1293BB,May-2026,active,professional,monthly
NRI1M41EE94BE,May-2026,active,professional,monthly
NRI1M52DD66FB,May-2026,active,professional,monthly
NRI1M4A204B29,May-2026,active,professional,monthly
NRI1MA596DEFB,May-2026,active,professional,monthly
NRI1M25BD95A5,May-2026,active,professional,monthly
NRI1ME3D11E01,May-2026,active,professional,monthly
NRI1M91D5957A,May-2026,active,professional,monthly
NRI1M936975E2,May-2026,active,professional,monthly
NRI1M40324BA4,May-2026,active,professional,monthly
NRI1MA55AC80C,May-2026,active,professional,monthly
NRI1ME4E2EF11,May-2026,active,professional,monthly
NRI1M7296F2F9,May-2026,active,professional,monthly
NRI1ME5757C88,May-2026,active,professional,monthly
NRI1MC0C72414,May-2026,active,professional,monthly
NRI1M113D491F,May-2026,active,professional,monthly
NRI1M81EF6442,May-2026,active,professional,monthly
NRI1M416C13E5,May-2026,active,professional,monthly
NRI1MBC0377D3,May-2026,active,professional,monthly
NRI1M96B35BD9,May-2026,active,professional,monthly
NRI1M71A9AC8D,May-2026,active,professional,monthly
NRI1MD2F484E4,May-2026,active,professional,monthly
NRI1M2C03917A,May-2026,active,professional,monthly
NRI1M9A724257,May-2026,active,professional,monthly
NRI1M521D441C,May-2026,active,professional,monthly
NRI1M8F86C4D1,May-2026,active,professional,monthly
NRI1MC937FCAE,May-2026,active,professional,monthly
NRI1M5C118873,May-2026,active,professional,monthly
NRI1M32BF863A,May-2026,active,professional,monthly
NRI1MF6DCBF8C,May-2026,active,professional,monthly
NRI1M6FE9A684,May-2026,active,professional,monthly
NRI1M3ACBF350,May-2026,active,professional,monthly
NRI1MEF5E66AC,May-2026,active,professional,monthly
